run,variant,n_oracle_calls,n_valid_smiles,n_unique_smiles,smiles_conversion_rate,uniqueness_among_valid,score_mean,top1,top10,top100,guacamol_score,auc_top10,valid_x_unique,quality_pass_rate,internal_diversity,n_scaffolds,scaffold_diversity,top_scaffold_frac,novelty_vs_ref,nn_similarity_to_ref,calls_to_0.7,calls_to_0.8,calls_to_0.9,yield_0.5,yield_0.7,yield_0.8,yield_0.9,mw_mean,logp_mean,qed_mean,sa_mean,rings_mean,arom_rings_mean,rotb_mean,tpsa_mean,heavy_mean
rtb-atom-lora16-osim-b10,budgeted,10000,9366,9354,0.9366,0.9987187700192185,0.24578428218012513,0.8152467149676166,0.8028549425468141,0.7729123207915398,0.7970046594353235,0.7808193359543895,0.9300433839479393,0.86,0.8450363477060501,99,0.99,0.02,0.95,0.4099124384842078,1,3063,,0.2872448979591837,0.07755102040816327,0.0008017492711370263,0.0,408.8457400000002,0.873775,0.48002967904169497,3.047384344088119,3.39,2.84,6.21,126.56079999999999,28.89
rtb-atom-lora16-osim-b10,unbounded,14752,13837,13720,0.9379745119305857,0.9915444099154441,0.2939849250287352,0.8152467149676166,0.8074494122625454,0.7827056532598465,0.8018005934966695,,0.9300433839479393,0.86,0.8450363477060501,99,0.99,0.02,0.95,0.4099124384842078,1,3063,,0.2872448979591837,0.07755102040816327,0.0008017492711370263,0.0,408.8457400000002,0.873775,0.48002967904169497,3.047384344088119,3.39,2.84,6.21,126.56079999999999,28.89
rtb-atom-lora4-osim-b10,budgeted,9664,9135,8795,0.945260761589404,0.9627805145046524,0.3802292047222461,0.8081928111707762,0.8020540954876829,0.7812213375242585,0.7971560813942391,0.7814490322585539,0.910078642384106,0.79,0.837180025260186,98,0.98,0.02,0.95,0.39266830127803337,43,3121,,0.42069357589539513,0.1412166003411029,0.0006822057987492893,0.0,406.6971100000001,0.6354019000000003,0.4618731613456658,3.156779376072387,3.39,2.88,5.95,132.75359999999998,28.18
rtb-atom-lora4-osim-b10,unbounded,9664,9135,8795,0.945260761589404,0.9627805145046524,0.3802292047222461,0.8081928111707762,0.8020540954876829,0.7812213375242585,0.7971560813942391,,0.910078642384106,0.79,0.837180025260186,98,0.98,0.02,0.95,0.39266830127803337,43,3121,,0.42069357589539513,0.1412166003411029,0.0006822057987492893,0.0,406.6971100000001,0.6354019000000003,0.4618731613456658,3.156779376072387,3.39,2.88,5.95,132.75359999999998,28.18
rtb-atom-lora64-osim-b10,budgeted,10000,9398,9245,0.9398,0.9837199404128538,0.32669275768561584,0.817999740687494,0.80439574856101,0.7825679515270384,0.801654480258514,0.7896988133361565,0.9200339879154079,0.89,0.8269034283823562,96,0.96,0.03,0.92,0.43347449788321624,14,917,,0.360287326834274,0.11441765007696254,0.0009235505387378142,0.0,415.9945400000002,0.8466635000000001,0.49188948849341907,2.6832205185721647,3.49,2.88,6.0,129.10289999999998,28.98
rtb-atom-lora64-osim-b10,unbounded,10592,9943,9745,0.9387273413897281,0.9800864930101579,0.33727992319965117,0.817999740687494,0.8068121152298573,0.7840981302763023,0.8029699953978846,,0.9200339879154079,0.89,0.8269034283823562,96,0.96,0.03,0.92,0.43347449788321624,14,917,,0.360287326834274,0.11441765007696254,0.0009235505387378142,0.0,415.9945400000002,0.8466635000000001,0.49188948849341907,2.6832205185721647,3.49,2.88,6.0,129.10289999999998,28.98
rtb-atom-osim-b10,budgeted,10000,9410,9392,0.941,0.9980871413390011,0.2329333678144424,0.8111768936703765,0.7964131382420894,0.7699791267761165,0.7925230528961942,0.776667522297828,0.938463140358184,0.84,0.8452225874396566,97,0.97,0.02,0.95,0.4217234510647935,53,1703,,0.21984910684566736,0.05913680239653833,0.0003883279707089759,0.0,421.7418000000001,0.8887673000000003,0.49015101835915437,3.103653231112185,3.31,2.65,6.79,121.04270000000002,29.71
rtb-atom-osim-b10,unbounded,19208,18108,18026,0.9427321949187838,0.995471614755909,0.2472137781369769,0.811504091059703,0.8043481178314783,0.7821173484326616,0.7993231857746143,,0.938463140358184,0.84,0.8452225874396566,97,0.97,0.02,0.95,0.4217234510647935,53,1703,,0.21984910684566736,0.05913680239653833,0.0003883279707089759,0.0,421.7418000000001,0.8887673000000003,0.49015101835915437,3.103653231112185,3.31,2.65,6.79,121.04270000000002,29.71
rtb-full-osim-b10,budgeted,10000,9461,9434,0.9461,0.9971461790508402,0.24503147089566896,0.8200455274512118,0.7976601470390565,0.7700034449319072,0.795903039807392,0.7779382144266093,0.9426880674448768,0.77,0.8730723904428196,98,0.98,0.02,0.91,0.39513088125380535,11,5531,,0.2281365551638146,0.05752859231232264,0.0002579757502794737,0.0,410.10903000000013,0.6818222000000002,0.4948741946366455,3.5510065032916147,3.22,2.64,6.44,121.2835,28.98
rtb-full-osim-b10,unbounded,12336,11666,11629,0.9456874189364461,0.9968283901937254,0.25067612604884143,0.8200455274512118,0.7976601470390565,0.7736075405896679,0.7971044050266455,,0.9426880674448768,0.77,0.8730723904428196,98,0.98,0.02,0.91,0.39513088125380535,11,5531,,0.2281365551638146,0.05752859231232264,0.0002579757502794737,0.0,410.10903000000013,0.6818222000000002,0.4948741946366455,3.5510065032916147,3.22,2.64,6.44,121.2835,28.98
rtb-lora16-osim-b10,budgeted,10000,9402,9384,0.9402,0.998085513720485,0.24672083242035192,0.8032901999716012,0.7912624301747078,0.7703935373910107,0.7883153891791066,0.775065975474044,0.8392447916666667,0.94,0.7716989562573042,91,0.91,0.03,0.95,0.42326864123578944,5,8175,,0.4330220001861793,0.15266701833866014,0.0012101653892698668,0.0,421.45430000000016,0.7727586000000001,0.5077185035606429,2.6873235059931697,3.53,2.84,5.84,132.0568,29.2
rtb-lora16-osim-b10,unbounded,38400,36362,32227,0.9469270833333333,0.8862823827072218,0.3863822145586759,0.8446110430139449,0.8228978399093645,0.7995745600349144,0.8223611476527412,,0.8392447916666667,0.94,0.7716989562573042,91,0.91,0.03,0.95,0.42326864123578944,5,8175,,0.4330220001861793,0.15266701833866014,0.0012101653892698668,0.0,421.45430000000016,0.7727586000000001,0.5077185035606429,2.6873235059931697,3.53,2.84,5.84,132.0568,29.2
rtb-lora4-osim-b10,budgeted,10000,9455,9429,0.9455,0.9972501322051824,0.23758802336967316,0.8239930734455874,0.8080156774639622,0.7746483341573507,0.8022190283556334,0.7861024748930868,0.8501302083333333,0.88,0.8048968430992999,98,0.98,0.02,0.96,0.4231202268714135,21,3732,,0.40759687547863377,0.1418287639761066,0.001439730433450758,0.0,415.0030200000001,0.7322639000000002,0.512219053647462,2.8436376217104153,3.6,2.91,5.78,126.58359999999999,28.91
rtb-lora4-osim-b10,unbounded,38400,36348,32645,0.9465625,0.8981236931880708,0.3704361474370744,0.830335979989656,0.8203667698913591,0.800350093399177,0.8170176144267307,,0.8501302083333333,0.88,0.8048968430992999,98,0.98,0.02,0.96,0.4231202268714135,21,3732,,0.40759687547863377,0.1418287639761066,0.001439730433450758,0.0,415.0030200000001,0.7322639000000002,0.512219053647462,2.8436376217104153,3.6,2.91,5.78,126.58359999999999,28.91
rtb-lora64-osim-b10,budgeted,10000,9435,9408,0.9435,0.9971383147853736,0.24601294216975048,0.8323897027678772,0.804219752030048,0.7726693964991636,0.8030929504323628,0.7869508395026438,0.9414285714285714,0.79,0.8654936754169547,100,1.0,0.01,0.91,0.40667706380142044,12,352,,0.22534142640364188,0.05832701062215478,0.0005690440060698028,0.0,416.2826600000001,0.8009202000000001,0.4793874519397573,3.3939524916739483,3.34,2.71,6.77,124.73890000000002,29.37
rtb-lora64-osim-b10,unbounded,11200,10579,10544,0.9445535714285714,0.9966915587484639,0.25232040814901663,0.8323897027678772,0.806166924145652,0.7763097201425916,0.8049554490187069,,0.9414285714285714,0.79,0.8654936754169547,100,1.0,0.01,0.91,0.40667706380142044,12,352,,0.22534142640364188,0.05832701062215478,0.0005690440060698028,0.0,416.2826600000001,0.8009202000000001,0.4793874519397573,3.3939524916739483,3.34,2.71,6.77,124.73890000000002,29.37
rtb-proj-osim-b10,budgeted,10000,9394,9367,0.9394,0.9971258249946775,0.23330577539423306,0.8269887960251265,0.8012007818015292,0.7747250747353894,0.8009715508540151,0.7863645567064687,0.8536626344086021,0.89,0.8069501960991462,90,0.9,0.03,0.94,0.4259090178719229,55,3736,,0.4007647538448562,0.14131076559732336,0.001096522056962915,0.0,422.7078000000002,0.7605923000000001,0.5000782800732128,2.781703714340919,3.5,2.92,6.15,128.24139999999997,29.5
rtb-proj-osim-b10,unbounded,41664,39391,35567,0.9454445084485407,0.9029219872559722,0.36568346945482,0.8269887960251265,0.8173780226816625,0.7987466942286912,0.8143711709784934,,0.8536626344086021,0.89,0.8069501960991462,90,0.9,0.03,0.94,0.4259090178719229,55,3736,,0.4007647538448562,0.14131076559732336,0.001096522056962915,0.0,422.7078000000002,0.7605923000000001,0.5000782800732128,2.781703714340919,3.5,2.92,6.15,128.24139999999997,29.5
[reference] geom_drugs_smiles.txt,best_of_dataset,10000,,,,,,0.8096027689348035,0.8007228030033611,0.7689733676589641,0.7930996465323762,,,0.95,,,,,,,,,,,,,,418.8123400000002,1.0067228,0.552611307097369,2.528240386686883,3.27,2.63,6.42,117.26629999999999,29.48
