rank,oracle_call,score,smiles
1,8836,0.476331,CCCNC(=O)[C@@H](Cc1c[nH]c2ccccc12)NC(=O)C1CCCCC1
2,3706,0.468521,O=C(O)C[C@H](NC(=O)C1CCCCC1)C(=O)NC(=O)c1cc2ccccc2s1
3,1039,0.467426,CCC(=O)n1nc(-c2ccco2)nc1S[C@@H](C)C(=O)NC1CCCCC1
4,3701,0.467426,O=C(N[C@@H](Cc1ccccc1)C(=O)N1CCC[C@@H]1C(=O)O)c1cccs1
5,7502,0.463547,COc1ccc2oc(C(=O)OCC(=O)NC(=O)NC3CCCC3)c(C)c2c1
6,4311,0.462910,CCOC(=O)[C@H]1CCCN(C(=O)CNC(=O)Cn2ccc3ccccc3c2=O)C1
7,6499,0.461266,CCOc1cc(CNC(=O)/C(=C\c2ccco2)NC(=O)C2CCCCC2)cc(OCC)c1OCC
8,6252,0.459639,CCOC(=O)N1CCC(NC(=O)[C@H]2CCC[C@@H](NC(=O)c3ccc(Nc4nccs4)cc3)C2)CC1
9,6968,0.453298,COCCNC(=O)[C@@H](c1ccc(C(F)(F)F)cc1)N(C(=O)C(=O)NC1CCCC1)c1ccc(C(C)C)cc1
10,2455,0.452911,COc1ccc2c(C[C@@H](C)NC(=O)C3CCCCC3)[n+](C)n([O-])c2c1
11,7395,0.452084,CC(=O)N(c1cnc(C2CC2)n1CCCOc1ccccc1)[C@H](O)C(=O)NC1CCCCC1
12,7029,0.450694,CCn1c(CC(=O)Nc2ccc(C)cc2)nnc1SCC(=O)NC1CCCCC1
13,6212,0.448879,O=C(O)c1ccccc1C(=O)NCC[C@@H](OCc1ccccc1)OCC1CCCCC1
14,450,0.447214,CCCc1cc(=O)oc2c3c(cc(OCC(=O)NC4CCCC4)c12)OC(C)(C)CC3
15,6586,0.445625,CC(C)NCC[C@@H](Cc1ccccc1)C(=O)Nc1cc(S(=O)(=O)N(C)C2CCCCC2)ccc1Cl
16,6288,0.443937,CCc1ccccc1N(C(=O)CNS(=O)(=O)c1ccccc1)[C@H](CC)C(=O)NC1CCCC1
17,6318,0.443533,CCOc1ccc2c(CCC(=O)NCC3CCCCC3)cc(=O)oc2c1
18,488,0.441492,CCCSc1nnc(CNC(=O)c2cccs2)n1C1CCCCC1
19,5314,0.440488,CCOC(=O)C1CCN(C(=O)CS(=O)(=O)Cc2nc(-c3cccc(OC)c3)oc2C)CC1
20,6466,0.439298,CCOC(=O)N[C@H](Cc1c[nH]c2ccccc12)C(=O)NC1CC1
21,6662,0.439298,CCOC(=O)[C@H]1CCCN(C(=O)c2ccc3nc(C)sc3c2)C1
22,809,0.437384,COC(=O)[C@H](OC)n1cnc2c(NC3CCCCC3)ncnc21
23,923,0.436931,CC(C)C(=O)Nc1ccc2nn(C3CCCCC3)nc2c1
24,7650,0.436436,CCOC(=O)CNC(=O)C1CCN(S(=O)(=O)c2ccc3ccccc3c2)CC1
25,5033,0.435494,CCCC(=O)n1nc(C2CCCCC2)nc1SCc1cccs1
26,7561,0.431517,Cc1ccc([C@@H](C(=O)NC2CCCCC2)N(C[C@H]2CCCO2)C(=O)CNC(=O)c2ccco2)cc1
27,2200,0.429970,CCCC(=O)Nc1ccc2c(c1)nc1n2CCN(C2CCCC2)C1
28,7466,0.429970,CCOc1ccc(-n2nnnc2SCC(=O)NC2CCCC2)cc1
29,1815,0.429669,C[C@H](NC(=O)c1ccccc1NC(=O)CN(C)C1CCCCC1)c1ccccc1
30,1426,0.429198,CCOC(=O)[C@@H]1CCCN(C(=O)c2cc[c-]c3n[s+]n[c-]23)C1.[H+]
31,1812,0.427247,Cc1cccc([C@@H](CNC(=O)c2ccccc2)OC(=O)C2CCCCC2)c1
32,6754,0.427247,CCCCn1c(CN2CCN(C(=O)OCC)CC2)nc2c1c(=O)[nH]c(=O)n2C
33,4913,0.423451,CCOc1ccc(CC[C@@](O)(NC(=O)c2ccc3c(c2)OCO3)C(=O)N[C@H](CC(C)C)C(=O)O)cc1
34,6270,0.422857,COc1cc(/C=N/NC(=O)C(C)(C)C)ccc1OCc1ccc(C(=O)NNC(=O)NC2CCCCC2)cc1
35,8819,0.422249,C[C@H](OC(=O)c1cccs1)C(=O)N(CC#Cc1ccccc1)CC1CCCC1
36,2059,0.421860,CCN(C(=O)c1cc2cc(OC)ccc2oc1=O)C1CCCCC1
37,5782,0.421637,CCOC(=O)[C@@H]1CCCN(C(=O)CCCN2C(=O)c3cccc4cccc(c34)C2=O)C1
38,1704,0.420084,CCOC(=O)c1c(-c2ccccc2)csc1NC(=O)[C@@H](C)OC(C)=O
39,7836,0.419591,CCOC(=O)C1CCN(C(=O)[C@H]2CCCN(c3ncnc4c3nc3n4CCCCC3)C2)CC1
40,8023,0.419591,[CH2-][C@@H]1c2[nH]c3ccccc3c2CCN1C(=O)/C=[N+](\CC(=O)OCC)C(=O)C[C@@](C)(N)C(=O)OCC
41,2867,0.419524,O=C(c1ccc(OC[C@@H](O)CNCC2CCCCC2)cc1)c1cccs1
42,3326,0.419524,CCOC(=O)c1c(NC(=O)C/[S+]=c2\nc(C)cc([O-])[nH]2)sc2c1CCCC2
43,5941,0.418854,Cc1cc(C)n2nc(SCC(=O)NC3CCCCC3)nc2n1
44,2311,0.418330,COc1ccc(NCC[C@H](O)c2nccn2C2CCCCC2)cc1
45,2528,0.417507,O=C(NCCc1[c-]n2cc[s+]c2[n-]1)C1CCCCC1.[H+]
46,3282,0.417029,CCOC(=O)C1CCN(S(=O)(=O)c2cccc(C(=O)Nc3ccc4c(c3)OCO4)c2)CC1
47,6394,0.417029,COC(=O)[C@H](Cc1c[nH]c2ccccc12)NC(=O)CCC(=O)O
48,1840,0.416598,CC(C)(C)c1cnc(CCC(=O)Nc2nnc(C3CCCCC3)s2)o1
49,1934,0.416598,Cc1cccc(N(CC(=O)NC2CCCC2)C(=O)c2cnsn2)c1C
50,775,0.416207,CCOC(=O)CNC(=O)Cn1ccc2c(OCC(=O)OCC)cccc2c1=O
51,3755,0.415851,CCOc1ccc(CN2CCC(C(=O)Nc3cccc(C)c3)CC2)cc1C(=O)OC
52,5153,0.415851,CCOCCCNC(=O)[C@H]1CCCN1S(=O)(=O)c1ccc2c(c1)n(C)c(=O)c(=O)n2C
53,2180,0.415227,Cc1nn(Cc2ccc(C(=O)NC3CCCCC3)o2)c(C)c1Br
54,5352,0.413449,CCOC(=O)N(NC(=O)C(CC)CC)c1nc2ccc(F)cc2s1
55,189,0.412968,CC(=O)NCCC(=O)N1CCC[C@H](C(=O)c2ccc3c4c(cccc24)CC3)C1
56,1213,0.412968,CCOc1ccc2ccccc2c1C(=O)N[C@@H]1C(=O)N2[C@@H]1SC(C)(C)[C@@H]2C(=O)O
57,2253,0.412968,COCC[C@H]1CCCCN1C(=O)c1cc(COc2ccc(C(C)=O)cc2)on1
58,4938,0.412968,Cc1ccc2nc(N3CCC(C(=O)NC4CCCCC4)(C(C)C)CC3)sc2c1
59,1128,0.412568,COc1cc(C(=O)OCC(=O)Nc2nc(Cl)cc(C)c2Cl)ccc1OC1CCN(C(C)=O)CC1
60,4574,0.412568,CCOC(=O)N1CCN(C(=O)COC(=O)CNC(=O)COc2cccc3ccccc23)CC1
61,6695,0.411877,CCOC(=O)COc1ccc2c(c1)c(C(C)=O)c(C)n2CC
62,414,0.411693,CC[C@H]1CCCCN1S(=O)(=O)c1cc2cc(C(=O)OC)ccc2[nH]1
63,1569,0.411693,CCOC(=O)c1c(CSCC(=O)O)n(C)c2cc(Br)c(OC)c(O)c12
64,9028,0.411239,C[C@H](C(=O)NC1CCCCCC1)N1C(=O)N2CCc3c([nH]c4ccccc34)[C@]2(C)C1=O
65,1990,0.409878,COc1ccccc1C(=O)Nc1ccccc1C(=O)NC1CCCCC1
66,4422,0.409878,CCC[C@H](NS(=O)(=O)c1ccc(Oc2c(C)cc(C)cc2C)cc1C)C(=O)O
67,5646,0.409878,O=C(NC1CCCC1)[C@H]1CCCCN1S(=O)(=O)c1cccc2nonc12
68,8798,0.409878,CCOC(=O)COc1c(F)c(F)c2c(=O)[nH]c(C(=O)NCC(C)C)cc2c1F
69,8868,0.409878,CCCN(CC)CCCNC(=O)Cn1c(C(=O)OCC)cc2c1ccn2C
70,333,0.409804,CC(=O)c1ccc(NC(=O)c2ccc(N3C(=O)[C@H]4CCCC[C@H]4C3=O)cc2)cc1
71,1166,0.409804,CC(=O)Nc1ccc(NC(=O)[C@H](c2ccccc2)N2CCCCC2)c(C(=O)O)c1
72,7626,0.406777,COc1ccc(CN2CCC(NC(=O)[C@@H](Cc3cccc(OC)c3)NC(C)=O)CC2)cc1
73,953,0.406711,COc1cccc(/C=N/NC(=O)/C(=C/c2cccs2)NC(=O)C2CCCCC2)c1
74,3221,0.406711,COc1ccc(C(=O)N2CCCC[C@@H]2C(=O)Nc2cc(OC)c(OC)c(OC)c2)o1
75,8635,0.406711,Cc1cc(C#CCOCc2ccccc2)sc1NC(=O)CN(C)C1CCCCC1
76,1726,0.406469,CN(C(=O)Cn1nnc2ccccc2c1=O)C1CCCCC1
77,6500,0.404888,CCOC(=O)[C@@H]1CCCN(Cc2cn(C)nc2-c2ccc(F)cc2)C1
78,1089,0.404714,CS(=O)(=O)n1cc(C(=O)NC2CCCC2)c(=O)c2ccccc21
79,4964,0.403882,C[C@@H](OC(=O)/C=C/c1cccs1)C(=O)NC1CCN(C(=O)NCc2ccc(F)c(F)c2)CC1
80,8462,0.403882,COC(=O)c1ccccc1NC(=O)CN(C)CC(=O)Nc1ccc(C2(O)CCCCC2)cc1
81,9406,0.403882,Cc1noc(/C=C/c2ccccc2)c1S(=O)(=O)N1CCC(C(=O)NCCCOC(C)C)CC1
82,2948,0.403473,CCOC(=O)c1ccccc1NC(=O)N(CC)S(=O)(=O)c1ccc(C(C)=O)cc1
83,6390,0.403473,COCc1ccc(C(=O)N2CCC[C@H](C(=O)c3ccc(SC(C)C)cc3)C2)o1
84,1748,0.403239,COc1ccc2c(C)c(CCC(=O)N3[C@H](C)CCC[C@H]3C)c(=O)oc2c1
85,6143,0.403239,O=C(CCS(=O)(=O)c1cccc2cccnc12)NC1CCCCCC1
86,6038,0.402911,COC(=O)[C@]1(Cc2ccccc2)[C@H]2[C@H](CC(=O)[C@@H]2CC(=O)C(=O)N2CCCC2)CN1C(=O)c1ccccc1
87,5759,0.402694,COc1cccc2[nH]c(C(=O)NC3CCCCC3)cc12
88,6022,0.402694,CN(C(=O)Cn1nnc2ccccc21)C1CCCCC1
89,7839,0.402457,CO[C@@H](Cn1cc([C@H](CO)Nc2ccc(OC[C@@H]3COCCO3)cc2)nn1)C1CCCC1
90,2554,0.402200,CCOC(=O)C1=C(Nc2ccccc2)C[C@@](C)(O)[C@@H](C(=O)OCC)[C@@H]1c1ccccc1
91,7851,0.402200,CCOc1ccc(OCC(=O)N2CCC[C@@H](C(=O)NCCc3ccccc3)C2)cc1
92,3072,0.401918,CC(C)NC(=O)N1CCC(n2nccc2NC(=O)CCc2ccccc2)CC1
93,6892,0.401918,O=C(NCC1CCCCC1)c1ccc(CS(=O)(=O)Cc2ccccc2)cc1Cl
94,7084,0.401918,COc1cc(NC(=O)CCC(=O)N2CCCC2)ccc1NC(=O)c1cccs1
95,4985,0.401610,CCCOC(=O)O/C=C(\Cc1cc2ccccc2[nH]c1=O)C(=O)OCC
96,6561,0.401269,CCOc1ccc2c(C)c(CCC(=O)NC3CC3)c(=O)oc2c1C
97,1421,0.401048,COc1ccc(NC(=O)[C@@H]2CCCN2C(=O)c2cccs2)cc1OCC(=O)N1CCOCC1
98,2012,0.401048,Cc1c(C(=O)O[C@H](C)C(=O)N2CCN(C(=O)OC(C)(C)C)CC2)nnn1-c1cccc(C(=O)O)c1
99,2879,0.400729,CCOC(=O)c1cc(C(C)=O)c(CN2CCC(CO)(CCOc3ccccc3)CC2)[nH]1
100,4499,0.400729,CCCc1ncc([C@H](C)NC(=O)[C@@H]2CCC(=O)N(CCc3ccc(OC)cc3)C2)cn1
