reward,temp,position,flips,states,flip_rate
fexo,1.0,0,927,24000,0.038625
fexo,1.0,1,1482,24000,0.06175
fexo,1.0,2,1393,24000,0.058041666666666665
fexo,1.0,3,489,24000,0.020375
fexo,1.0,4,222,24000,0.00925
fexo,1.0,5,289,24000,0.012041666666666668
fexo,1.0,6,201,24000,0.008375
fexo,1.0,7,208,24000,0.008666666666666666
fexo,1.0,8,169,24000,0.0070416666666666666
fexo,1.0,9,216,24000,0.009
fexo,1.0,10,201,24000,0.008375
fexo,1.0,11,207,24000,0.008625
fexo,1.0,12,179,23997,0.007459265741551027
fexo,1.0,13,163,23996,0.006792798799799967
fexo,1.0,14,150,23994,0.006251562890722681
fexo,1.0,15,148,23987,0.006170008754742152
fexo,1.0,16,121,23986,0.00504460935545735
fexo,1.0,17,134,23978,0.005588456084744349
fexo,1.0,18,107,23968,0.004464285714285714
fexo,1.0,19,110,23944,0.004594052789842967
fexo,1.0,20,116,23926,0.004848282203460671
fexo,1.0,21,111,23904,0.004643574297188755
fexo,1.0,22,124,23857,0.005197635913987509
fexo,1.0,23,95,23789,0.003993442347303375
fexo,1.0,24,98,23694,0.004136068202920571
fexo,1.0,25,96,23575,0.004072110286320254
fexo,1.0,26,114,23431,0.00486534932354573
fexo,1.0,27,104,23225,0.004477933261571582
fexo,1.0,28,84,22972,0.0036566254570781823
fexo,1.0,29,93,22697,0.004097457813807992
fexo,1.0,30,94,22379,0.00420036641494258
fexo,1.0,31,84,21995,0.0038190497840418277
fexo,1.0,32,79,21499,0.0036745895157914324
fexo,1.0,33,72,20995,0.0034293879495117885
fexo,1.0,34,77,20448,0.0037656494522691707
fexo,1.0,35,78,19817,0.003936014532976737
fexo,1.0,36,67,19113,0.0035054674828650656
fexo,1.0,37,81,18327,0.0044197086266164675
fexo,1.0,38,60,17540,0.0034207525655644243
fexo,1.0,39,71,16652,0.004263752101849628
fexo,1.0,40,55,15797,0.0034816737355194026
fexo,1.0,41,51,14872,0.0034292630446476602
fexo,1.0,42,62,13981,0.004434589800443459
fexo,1.0,43,59,13061,0.004517265140494602
fexo,1.0,44,46,12120,0.0037953795379537954
fexo,1.0,45,58,11220,0.00516934046345811
fexo,1.0,46,47,10314,0.004556912933876284
fexo,1.0,47,39,9440,0.00413135593220339
fexo,1.0,48,30,8604,0.003486750348675035
fexo,1.0,49,43,7807,0.005507877545792237
fexo,1.0,50,36,7074,0.005089058524173028
fexo,1.0,51,33,6328,0.005214917825537294
fexo,1.0,52,18,5679,0.003169572107765452
fexo,1.0,53,24,5075,0.004729064039408867
fexo,1.0,54,26,4495,0.005784204671857619
fexo,1.0,55,22,3968,0.005544354838709678
fexo,1.0,56,15,3478,0.004312823461759632
fexo,1.0,57,17,3044,0.005584756898817346
fexo,1.0,58,14,2647,0.005289006422364941
fexo,1.0,59,19,2288,0.008304195804195804
fexo,1.0,60,19,1966,0.009664292980671414
fexo,1.0,61,14,1699,0.00824014125956445
fexo,1.0,62,14,1449,0.00966183574879227
fexo,1.0,63,12,1216,0.009868421052631578
fexo,1.0,64,11,1038,0.010597302504816955
fexo,1.0,65,9,890,0.010112359550561797
fexo,1.0,66,3,739,0.0040595399188092015
fexo,1.0,67,6,616,0.00974025974025974
fexo,1.0,68,6,534,0.011235955056179775
fexo,1.0,69,6,464,0.01293103448275862
fexo,1.0,70,6,401,0.014962593516209476
fexo,1.0,71,7,346,0.02023121387283237
fexo,1.0,72,6,294,0.02040816326530612
fexo,1.0,73,4,252,0.015873015873015872
fexo,1.0,74,0,217,0.0
fexo,1.0,75,2,184,0.010869565217391304
fexo,1.0,76,1,153,0.006535947712418301
fexo,1.0,77,0,127,0.0
fexo,1.0,78,2,104,0.019230769230769232
fexo,1.0,79,1,94,0.010638297872340425
fexo,1.0,80,1,82,0.012195121951219513
fexo,1.0,81,0,66,0.0
fexo,1.0,82,1,59,0.01694915254237288
fexo,1.0,83,3,58,0.05172413793103448
fexo,1.0,84,2,54,0.037037037037037035
fexo,1.0,85,1,44,0.022727272727272728
fexo,1.0,86,1,42,0.023809523809523808
fexo,1.0,87,1,36,0.027777777777777776
fexo,1.0,88,0,35,0.0
fexo,1.0,89,0,30,0.0
fexo,1.0,90,0,29,0.0
fexo,1.0,91,0,28,0.0
fexo,1.0,92,1,26,0.038461538461538464
fexo,1.0,93,0,25,0.0
fexo,1.0,94,0,23,0.0
fexo,1.0,95,1,21,0.047619047619047616
fexo,1.0,96,1,21,0.047619047619047616
fexo,1.0,97,0,20,0.0
fexo,1.0,98,2,19,0.10526315789473684
fexo,1.0,99,1,19,0.05263157894736842
fexo,1.0,100,2,18,0.1111111111111111
fexo,1.0,101,0,17,0.0
fexo,1.0,102,0,14,0.0
fexo,1.0,103,0,14,0.0
fexo,1.0,104,0,14,0.0
fexo,1.0,105,0,13,0.0
fexo,1.0,106,0,10,0.0
fexo,1.0,107,0,10,0.0
fexo,1.0,108,0,9,0.0
fexo,1.0,109,1,9,0.1111111111111111
fexo,1.0,110,0,9,0.0
fexo,1.0,111,0,9,0.0
fexo,1.0,112,0,9,0.0
fexo,1.0,113,0,9,0.0
fexo,1.0,114,1,9,0.1111111111111111
fexo,1.0,115,0,8,0.0
fexo,1.0,116,0,6,0.0
fexo,1.0,117,0,5,0.0
fexo,1.0,118,1,5,0.2
fexo,1.0,119,0,5,0.0
fexo,1.0,120,0,4,0.0
fexo,1.0,121,0,4,0.0
fexo,1.0,122,0,4,0.0
fexo,1.0,123,0,3,0.0
fexo,1.0,124,0,3,0.0
fexo,1.0,125,0,3,0.0
fexo,1.0,126,0,3,0.0
fexo,1.0,127,0,3,0.0
fexo,1.0,128,0,3,0.0
fexo,1.0,129,0,3,0.0
fexo,1.0,130,0,3,0.0
fexo,1.0,131,0,3,0.0
fexo,1.0,132,0,3,0.0
fexo,1.0,133,0,3,0.0
fexo,1.0,134,0,3,0.0
fexo,1.0,135,0,2,0.0
fexo,1.0,136,0,2,0.0
fexo,1.0,137,0,2,0.0
fexo,1.0,138,0,2,0.0
fexo,1.0,139,0,2,0.0
fexo,1.0,140,0,2,0.0
fexo,1.0,141,0,2,0.0
fexo,1.0,142,0,2,0.0
fexo,1.0,143,0,2,0.0
fexo,1.0,144,0,2,0.0
fexo,1.0,145,0,1,0.0
fexo,1.0,146,0,1,0.0
fexo,1.0,147,0,1,0.0
fexo,1.0,148,0,1,0.0
fexo,1.0,149,0,1,0.0
fexo,1.0,150,0,1,0.0
fexo,1.0,151,0,1,0.0
fexo,1.0,152,0,1,0.0
fexo,1.0,153,0,1,0.0
fexo,1.0,154,0,1,0.0
fexo,1.0,155,0,1,0.0
fexo,1.0,156,0,1,0.0
fexo,1.0,157,1,1,1.0
fexo,1.0,158,0,1,0.0
fexo,1.0,159,0,0,
fexo,1.0,160,0,0,
fexo,1.0,161,0,0,
fexo,1.0,162,0,0,
fexo,1.0,163,0,0,
fexo,1.0,164,0,0,
fexo,1.0,165,0,0,
fexo,1.0,166,0,0,
fexo,1.0,167,0,0,
fexo,1.0,168,0,0,
fexo,1.0,169,0,0,
fexo,1.0,170,0,0,
fexo,1.0,171,0,0,
fexo,1.0,172,0,0,
fexo,1.0,173,0,0,
fexo,1.0,174,0,0,
fexo,1.0,175,0,0,
fexo,1.0,176,0,0,
fexo,1.0,177,0,0,
fexo,1.0,178,0,0,
fexo,1.0,179,0,0,
fexo,1.0,180,0,0,
fexo,1.0,181,0,0,
fexo,1.0,182,0,0,
fexo,1.0,183,0,0,
fexo,1.0,184,0,0,
fexo,1.0,185,0,0,
fexo,1.0,186,0,0,
fexo,1.0,187,0,0,
fexo,1.0,188,0,0,
fexo,1.0,189,0,0,
fexo,1.0,190,0,0,
fexo,1.0,191,0,0,
nitrogen,1.0,0,4145,32000,0.12953125
nitrogen,1.0,1,1872,32000,0.0585
nitrogen,1.0,2,1597,32000,0.04990625
nitrogen,1.0,3,776,32000,0.02425
nitrogen,1.0,4,395,32000,0.01234375
nitrogen,1.0,5,582,32000,0.0181875
nitrogen,1.0,6,403,32000,0.01259375
nitrogen,1.0,7,345,32000,0.01078125
nitrogen,1.0,8,299,31999,0.00934404200131254
nitrogen,1.0,9,416,31999,0.01300040626269571
nitrogen,1.0,10,335,31998,0.010469404337771111
nitrogen,1.0,11,420,31998,0.013125820363772736
nitrogen,1.0,12,330,31996,0.010313789223652956
nitrogen,1.0,13,298,31994,0.009314246421203976
nitrogen,1.0,14,238,31993,0.007439127309098866
nitrogen,1.0,15,251,31983,0.00784791920707876
nitrogen,1.0,16,251,31972,0.007850619291880395
nitrogen,1.0,17,208,31957,0.006508746127608975
nitrogen,1.0,18,191,31941,0.005979775210544441
nitrogen,1.0,19,171,31908,0.005359157578036856
nitrogen,1.0,20,164,31861,0.005147358839961081
nitrogen,1.0,21,181,31808,0.0056903923541247485
nitrogen,1.0,22,161,31749,0.005071025859082176
nitrogen,1.0,23,148,31637,0.00467806682049499
nitrogen,1.0,24,127,31534,0.004027398997907021
nitrogen,1.0,25,132,31389,0.0042052948485138105
nitrogen,1.0,26,145,31172,0.00465161041960734
nitrogen,1.0,27,131,30928,0.004235644076564925
nitrogen,1.0,28,114,30617,0.0037234216285070387
nitrogen,1.0,29,93,30235,0.003075905407640152
nitrogen,1.0,30,101,29798,0.0033894892274649304
nitrogen,1.0,31,98,29292,0.003345623378396832
nitrogen,1.0,32,96,28729,0.0033415712346409553
nitrogen,1.0,33,91,28039,0.0032454795106815508
nitrogen,1.0,34,85,27263,0.003117778674393867
nitrogen,1.0,35,62,26445,0.0023444885611646816
nitrogen,1.0,36,78,25496,0.003059303420144336
nitrogen,1.0,37,75,24482,0.0030634752062739974
nitrogen,1.0,38,52,23418,0.0022205141344265097
nitrogen,1.0,39,62,22259,0.0027853901792533357
nitrogen,1.0,40,57,21077,0.002704369692081416
nitrogen,1.0,41,53,19875,0.0026666666666666666
nitrogen,1.0,42,43,18599,0.0023119522554976074
nitrogen,1.0,43,45,17362,0.0025918672963944245
nitrogen,1.0,44,51,16167,0.0031545741324921135
nitrogen,1.0,45,45,14914,0.003017299181976666
nitrogen,1.0,46,42,13717,0.0030618940001458043
nitrogen,1.0,47,39,12577,0.0031008984654528108
nitrogen,1.0,48,25,11476,0.002178459393516905
nitrogen,1.0,49,39,10442,0.0037349166826278492
nitrogen,1.0,50,35,9487,0.003689258985980816
nitrogen,1.0,51,21,8518,0.0024653674571495656
nitrogen,1.0,52,21,7619,0.0027562672266701668
nitrogen,1.0,53,16,6792,0.002355712603062426
nitrogen,1.0,54,22,5986,0.0036752422318743734
nitrogen,1.0,55,20,5279,0.003788596325061565
nitrogen,1.0,56,12,4659,0.0025756600128783
nitrogen,1.0,57,13,4068,0.0031956735496558504
nitrogen,1.0,58,15,3544,0.004232505643340858
nitrogen,1.0,59,9,3073,0.00292873413602343
nitrogen,1.0,60,8,2648,0.0030211480362537764
nitrogen,1.0,61,11,2266,0.0048543689320388345
nitrogen,1.0,62,7,1924,0.0036382536382536385
nitrogen,1.0,63,7,1651,0.004239854633555421
nitrogen,1.0,64,7,1398,0.005007153075822604
nitrogen,1.0,65,10,1215,0.00823045267489712
nitrogen,1.0,66,3,1028,0.0029182879377431907
nitrogen,1.0,67,10,859,0.011641443538998836
nitrogen,1.0,68,3,720,0.004166666666666667
nitrogen,1.0,69,2,610,0.003278688524590164
nitrogen,1.0,70,2,524,0.003816793893129771
nitrogen,1.0,71,2,455,0.004395604395604396
nitrogen,1.0,72,6,387,0.015503875968992248
nitrogen,1.0,73,2,313,0.006389776357827476
nitrogen,1.0,74,2,268,0.007462686567164179
nitrogen,1.0,75,2,232,0.008620689655172414
nitrogen,1.0,76,1,195,0.005128205128205128
nitrogen,1.0,77,0,172,0.0
nitrogen,1.0,78,1,151,0.006622516556291391
nitrogen,1.0,79,1,134,0.007462686567164179
nitrogen,1.0,80,1,116,0.008620689655172414
nitrogen,1.0,81,1,107,0.009345794392523364
nitrogen,1.0,82,1,98,0.01020408163265306
nitrogen,1.0,83,1,92,0.010869565217391304
nitrogen,1.0,84,0,84,0.0
nitrogen,1.0,85,1,74,0.013513513513513514
nitrogen,1.0,86,0,68,0.0
nitrogen,1.0,87,1,62,0.016129032258064516
nitrogen,1.0,88,0,57,0.0
nitrogen,1.0,89,0,54,0.0
nitrogen,1.0,90,0,52,0.0
nitrogen,1.0,91,0,50,0.0
nitrogen,1.0,92,0,44,0.0
nitrogen,1.0,93,0,42,0.0
nitrogen,1.0,94,1,39,0.02564102564102564
nitrogen,1.0,95,0,36,0.0
nitrogen,1.0,96,0,32,0.0
nitrogen,1.0,97,1,28,0.03571428571428571
nitrogen,1.0,98,0,28,0.0
nitrogen,1.0,99,0,28,0.0
nitrogen,1.0,100,0,27,0.0
nitrogen,1.0,101,0,26,0.0
nitrogen,1.0,102,0,26,0.0
nitrogen,1.0,103,0,25,0.0
nitrogen,1.0,104,0,25,0.0
nitrogen,1.0,105,0,22,0.0
nitrogen,1.0,106,0,22,0.0
nitrogen,1.0,107,0,19,0.0
nitrogen,1.0,108,0,19,0.0
nitrogen,1.0,109,0,19,0.0
nitrogen,1.0,110,1,17,0.058823529411764705
nitrogen,1.0,111,0,16,0.0
nitrogen,1.0,112,0,15,0.0
nitrogen,1.0,113,0,15,0.0
nitrogen,1.0,114,0,15,0.0
nitrogen,1.0,115,0,15,0.0
nitrogen,1.0,116,0,15,0.0
nitrogen,1.0,117,0,14,0.0
nitrogen,1.0,118,1,13,0.07692307692307693
nitrogen,1.0,119,0,12,0.0
nitrogen,1.0,120,0,10,0.0
nitrogen,1.0,121,0,10,0.0
nitrogen,1.0,122,0,8,0.0
nitrogen,1.0,123,0,8,0.0
nitrogen,1.0,124,0,6,0.0
nitrogen,1.0,125,0,6,0.0
nitrogen,1.0,126,2,6,0.3333333333333333
nitrogen,1.0,127,0,6,0.0
nitrogen,1.0,128,0,6,0.0
nitrogen,1.0,129,0,6,0.0
nitrogen,1.0,130,0,6,0.0
nitrogen,1.0,131,0,6,0.0
nitrogen,1.0,132,0,6,0.0
nitrogen,1.0,133,0,6,0.0
nitrogen,1.0,134,0,6,0.0
nitrogen,1.0,135,0,6,0.0
nitrogen,1.0,136,0,5,0.0
nitrogen,1.0,137,0,5,0.0
nitrogen,1.0,138,0,4,0.0
nitrogen,1.0,139,0,4,0.0
nitrogen,1.0,140,0,4,0.0
nitrogen,1.0,141,0,4,0.0
nitrogen,1.0,142,0,4,0.0
nitrogen,1.0,143,1,4,0.25
nitrogen,1.0,144,0,4,0.0
nitrogen,1.0,145,0,3,0.0
nitrogen,1.0,146,0,3,0.0
nitrogen,1.0,147,0,3,0.0
nitrogen,1.0,148,0,2,0.0
nitrogen,1.0,149,0,2,0.0
nitrogen,1.0,150,0,2,0.0
nitrogen,1.0,151,0,2,0.0
nitrogen,1.0,152,0,2,0.0
nitrogen,1.0,153,0,2,0.0
nitrogen,1.0,154,0,2,0.0
nitrogen,1.0,155,0,2,0.0
nitrogen,1.0,156,0,2,0.0
nitrogen,1.0,157,0,2,0.0
nitrogen,1.0,158,0,2,0.0
nitrogen,1.0,159,0,2,0.0
nitrogen,1.0,160,0,1,0.0
nitrogen,1.0,161,0,1,0.0
nitrogen,1.0,162,0,1,0.0
nitrogen,1.0,163,1,1,1.0
nitrogen,1.0,164,0,1,0.0
nitrogen,1.0,165,0,1,0.0
nitrogen,1.0,166,0,1,0.0
nitrogen,1.0,167,0,0,
nitrogen,1.0,168,0,0,
nitrogen,1.0,169,0,0,
nitrogen,1.0,170,0,0,
nitrogen,1.0,171,0,0,
nitrogen,1.0,172,0,0,
nitrogen,1.0,173,0,0,
nitrogen,1.0,174,0,0,
nitrogen,1.0,175,0,0,
nitrogen,1.0,176,0,0,
nitrogen,1.0,177,0,0,
nitrogen,1.0,178,0,0,
nitrogen,1.0,179,0,0,
nitrogen,1.0,180,0,0,
nitrogen,1.0,181,0,0,
nitrogen,1.0,182,0,0,
nitrogen,1.0,183,0,0,
nitrogen,1.0,184,0,0,
nitrogen,1.0,185,0,0,
nitrogen,1.0,186,0,0,
nitrogen,1.0,187,0,0,
nitrogen,1.0,188,0,0,
nitrogen,1.0,189,0,0,
nitrogen,1.0,190,0,0,
nitrogen,1.0,191,0,0,
osim,1.0,0,3509,44000,0.07975
osim,1.0,1,2290,44000,0.05204545454545455
osim,1.0,2,2053,44000,0.04665909090909091
osim,1.0,3,811,44000,0.01843181818181818
osim,1.0,4,444,44000,0.010090909090909091
osim,1.0,5,475,44000,0.010795454545454546
osim,1.0,6,379,44000,0.008613636363636363
osim,1.0,7,365,44000,0.008295454545454545
osim,1.0,8,304,43997,0.006909562015591972
osim,1.0,9,432,43997,0.009818851285314907
osim,1.0,10,316,43997,0.007182307884628498
osim,1.0,11,350,43997,0.007955087846898651
osim,1.0,12,303,43992,0.006887615930169122
osim,1.0,13,292,43991,0.006637721352094747
osim,1.0,14,255,43990,0.0057967719936349174
osim,1.0,15,241,43984,0.005479265187340851
osim,1.0,16,241,43970,0.005481009779395042
osim,1.0,17,255,43949,0.00580217979931284
osim,1.0,18,206,43922,0.004690132507627157
osim,1.0,19,195,43885,0.004443431696479435
osim,1.0,20,177,43839,0.004037500855402724
osim,1.0,21,178,43766,0.004067084037837591
osim,1.0,22,188,43684,0.0043036351982419195
osim,1.0,23,192,43561,0.004407612313766901
osim,1.0,24,162,43395,0.003733148980297269
osim,1.0,25,168,43195,0.0038893390438708183
osim,1.0,26,156,42910,0.003635516196690748
osim,1.0,27,154,42590,0.0036158722704860294
osim,1.0,28,145,42171,0.003438381826373574
osim,1.0,29,139,41665,0.0033361334453378133
osim,1.0,30,135,41102,0.003284511702593548
osim,1.0,31,131,40351,0.00324651185844217
osim,1.0,32,127,39543,0.0032116935993728346
osim,1.0,33,101,38582,0.002617801047120419
osim,1.0,34,102,37562,0.0027155103562110645
osim,1.0,35,132,36438,0.0036225917997694712
osim,1.0,36,101,35177,0.0028711942462404413
osim,1.0,37,109,33753,0.0032293425769561223
osim,1.0,38,88,32305,0.002724036526853428
osim,1.0,39,83,30751,0.002699099216285649
osim,1.0,40,93,29141,0.0031913798428331217
osim,1.0,41,82,27509,0.0029808426333200046
osim,1.0,42,76,25752,0.0029512270891581234
osim,1.0,43,52,24023,0.0021645922657453276
osim,1.0,44,66,22285,0.0029616333856854384
osim,1.0,45,57,20591,0.002768199698897577
osim,1.0,46,63,19008,0.0033143939393939395
osim,1.0,47,54,17399,0.0031036266452094947
osim,1.0,48,54,15866,0.0034035043489222235
osim,1.0,49,52,14434,0.003602604960509907
osim,1.0,50,35,13043,0.002683431725829947
osim,1.0,51,34,11751,0.0028933707769551527
osim,1.0,52,39,10558,0.0036938814169350256
osim,1.0,53,33,9471,0.003484320557491289
osim,1.0,54,32,8386,0.0038158836155497257
osim,1.0,55,27,7408,0.003644708423326134
osim,1.0,56,18,6511,0.002764552296114268
osim,1.0,57,14,5699,0.0024565713283032113
osim,1.0,58,20,4902,0.004079967360261118
osim,1.0,59,15,4256,0.0035244360902255637
osim,1.0,60,18,3661,0.004916689429117728
osim,1.0,61,9,3134,0.002871729419272495
osim,1.0,62,18,2632,0.006838905775075988
osim,1.0,63,6,2234,0.0026857654431512983
osim,1.0,64,13,1888,0.006885593220338983
osim,1.0,65,11,1592,0.006909547738693468
osim,1.0,66,3,1336,0.002245508982035928
osim,1.0,67,11,1122,0.00980392156862745
osim,1.0,68,9,943,0.009544008483563097
osim,1.0,69,6,816,0.007352941176470588
osim,1.0,70,5,704,0.007102272727272727
osim,1.0,71,6,612,0.00980392156862745
osim,1.0,72,6,511,0.011741682974559686
osim,1.0,73,3,432,0.006944444444444444
osim,1.0,74,0,369,0.0
osim,1.0,75,3,317,0.00946372239747634
osim,1.0,76,3,279,0.010752688172043012
osim,1.0,77,3,238,0.012605042016806723
osim,1.0,78,4,207,0.01932367149758454
osim,1.0,79,2,179,0.0111731843575419
osim,1.0,80,4,153,0.026143790849673203
osim,1.0,81,0,142,0.0
osim,1.0,82,0,131,0.0
osim,1.0,83,4,119,0.03361344537815126
osim,1.0,84,4,108,0.037037037037037035
osim,1.0,85,1,103,0.009708737864077669
osim,1.0,86,0,92,0.0
osim,1.0,87,1,83,0.012048192771084338
osim,1.0,88,1,75,0.013333333333333334
osim,1.0,89,0,69,0.0
osim,1.0,90,0,65,0.0
osim,1.0,91,1,62,0.016129032258064516
osim,1.0,92,0,54,0.0
osim,1.0,93,0,47,0.0
osim,1.0,94,2,44,0.045454545454545456
osim,1.0,95,1,44,0.022727272727272728
osim,1.0,96,1,40,0.025
osim,1.0,97,0,35,0.0
osim,1.0,98,0,32,0.0
osim,1.0,99,1,30,0.03333333333333333
osim,1.0,100,1,30,0.03333333333333333
osim,1.0,101,0,28,0.0
osim,1.0,102,0,28,0.0
osim,1.0,103,0,27,0.0
osim,1.0,104,0,27,0.0
osim,1.0,105,0,26,0.0
osim,1.0,106,0,25,0.0
osim,1.0,107,2,25,0.08
osim,1.0,108,2,25,0.08
osim,1.0,109,0,24,0.0
osim,1.0,110,0,22,0.0
osim,1.0,111,0,20,0.0
osim,1.0,112,0,19,0.0
osim,1.0,113,0,16,0.0
osim,1.0,114,0,15,0.0
osim,1.0,115,0,15,0.0
osim,1.0,116,0,15,0.0
osim,1.0,117,0,15,0.0
osim,1.0,118,0,14,0.0
osim,1.0,119,1,14,0.07142857142857142
osim,1.0,120,1,12,0.08333333333333333
osim,1.0,121,0,12,0.0
osim,1.0,122,2,11,0.18181818181818182
osim,1.0,123,1,10,0.1
osim,1.0,124,0,9,0.0
osim,1.0,125,0,8,0.0
osim,1.0,126,0,8,0.0
osim,1.0,127,0,8,0.0
osim,1.0,128,0,7,0.0
osim,1.0,129,0,7,0.0
osim,1.0,130,0,7,0.0
osim,1.0,131,1,7,0.14285714285714285
osim,1.0,132,1,7,0.14285714285714285
osim,1.0,133,1,7,0.14285714285714285
osim,1.0,134,1,7,0.14285714285714285
osim,1.0,135,1,6,0.16666666666666666
osim,1.0,136,0,6,0.0
osim,1.0,137,0,6,0.0
osim,1.0,138,1,6,0.16666666666666666
osim,1.0,139,0,5,0.0
osim,1.0,140,1,5,0.2
osim,1.0,141,0,5,0.0
osim,1.0,142,1,4,0.25
osim,1.0,143,0,4,0.0
osim,1.0,144,1,3,0.3333333333333333
osim,1.0,145,1,3,0.3333333333333333
osim,1.0,146,0,3,0.0
osim,1.0,147,0,3,0.0
osim,1.0,148,0,3,0.0
osim,1.0,149,1,3,0.3333333333333333
osim,1.0,150,0,3,0.0
osim,1.0,151,0,3,0.0
osim,1.0,152,0,3,0.0
osim,1.0,153,0,3,0.0
osim,1.0,154,0,3,0.0
osim,1.0,155,0,3,0.0
osim,1.0,156,0,2,0.0
osim,1.0,157,0,2,0.0
osim,1.0,158,0,2,0.0
osim,1.0,159,0,2,0.0
osim,1.0,160,1,2,0.5
osim,1.0,161,1,2,0.5
osim,1.0,162,0,2,0.0
osim,1.0,163,0,2,0.0
osim,1.0,164,0,1,0.0
osim,1.0,165,0,1,0.0
osim,1.0,166,0,1,0.0
osim,1.0,167,0,1,0.0
osim,1.0,168,0,1,0.0
osim,1.0,169,0,1,0.0
osim,1.0,170,0,1,0.0
osim,1.0,171,0,1,0.0
osim,1.0,172,0,1,0.0
osim,1.0,173,0,1,0.0
osim,1.0,174,0,0,
osim,1.0,175,0,0,
osim,1.0,176,0,0,
osim,1.0,177,0,0,
osim,1.0,178,0,0,
osim,1.0,179,0,0,
osim,1.0,180,0,0,
osim,1.0,181,0,0,
osim,1.0,182,0,0,
osim,1.0,183,0,0,
osim,1.0,184,0,0,
osim,1.0,185,0,0,
osim,1.0,186,0,0,
osim,1.0,187,0,0,
osim,1.0,188,0,0,
osim,1.0,189,0,0,
osim,1.0,190,0,0,
osim,1.0,191,0,0,
peri,1.0,0,384,24000,0.016
peri,1.0,1,347,24000,0.014458333333333333
peri,1.0,2,341,24000,0.014208333333333333
peri,1.0,3,88,24000,0.0036666666666666666
peri,1.0,4,47,24000,0.001958333333333333
peri,1.0,5,65,24000,0.0027083333333333334
peri,1.0,6,43,24000,0.0017916666666666667
peri,1.0,7,51,24000,0.002125
peri,1.0,8,35,24000,0.0014583333333333334
peri,1.0,9,41,24000,0.0017083333333333334
peri,1.0,10,37,24000,0.0015416666666666667
peri,1.0,11,37,23999,0.001541730905454394
peri,1.0,12,26,23999,0.0010833784741030876
peri,1.0,13,29,23996,0.001208534755792632
peri,1.0,14,19,23994,0.0007918646328248729
peri,1.0,15,29,23988,0.0012089378022344505
peri,1.0,16,30,23981,0.0012509903673741712
peri,1.0,17,18,23971,0.000750907346376872
peri,1.0,18,16,23956,0.0006678911337451996
peri,1.0,19,21,23933,0.0008774495466510676
peri,1.0,20,12,23913,0.000501819094216535
peri,1.0,21,20,23882,0.0008374507997655138
peri,1.0,22,16,23830,0.0006714225765841376
peri,1.0,23,9,23771,0.00037861259517899963
peri,1.0,24,10,23704,0.00042186972662841717
peri,1.0,25,19,23569,0.0008061436632865204
peri,1.0,26,13,23437,0.000554678499807996
peri,1.0,27,11,23252,0.0004730775847238947
peri,1.0,28,12,23010,0.0005215123859191656
peri,1.0,29,12,22743,0.0005276348766653475
peri,1.0,30,6,22404,0.0002678093197643278
peri,1.0,31,6,21996,0.00027277686852154935
peri,1.0,32,9,21611,0.000416454583314053
peri,1.0,33,7,21078,0.00033209981971724073
peri,1.0,34,11,20485,0.0005369782767878936
peri,1.0,35,13,19840,0.000655241935483871
peri,1.0,36,10,19174,0.0005215395848544905
peri,1.0,37,7,18393,0.00038057956831403253
peri,1.0,38,11,17583,0.0006256042768583291
peri,1.0,39,6,16736,0.00035850860420650097
peri,1.0,40,6,15840,0.0003787878787878788
peri,1.0,41,3,15004,0.0001999466808850973
peri,1.0,42,9,14064,0.0006399317406143345
peri,1.0,43,2,13159,0.00015198723307242192
peri,1.0,44,3,12209,0.00024572037021869115
peri,1.0,45,0,11275,0.0
peri,1.0,46,3,10324,0.0002905850445563735
peri,1.0,47,7,9492,0.0007374631268436578
peri,1.0,48,1,8617,0.00011604966925844261
peri,1.0,49,3,7806,0.0003843197540353574
peri,1.0,50,4,7042,0.0005680204487361545
peri,1.0,51,3,6334,0.000473634354278497
peri,1.0,52,2,5691,0.0003514320857494289
peri,1.0,53,1,5071,0.00019719976336028398
peri,1.0,54,0,4500,0.0
peri,1.0,55,4,3994,0.00100150225338007
peri,1.0,56,0,3494,0.0
peri,1.0,57,0,3050,0.0
peri,1.0,58,0,2664,0.0
peri,1.0,59,0,2317,0.0
peri,1.0,60,0,2013,0.0
peri,1.0,61,1,1702,0.0005875440658049354
peri,1.0,62,1,1447,0.000691085003455425
peri,1.0,63,1,1253,0.0007980845969672786
peri,1.0,64,1,1062,0.0009416195856873823
peri,1.0,65,0,876,0.0
peri,1.0,66,0,732,0.0
peri,1.0,67,2,628,0.0031847133757961785
peri,1.0,68,0,510,0.0
peri,1.0,69,0,430,0.0
peri,1.0,70,0,368,0.0
peri,1.0,71,0,304,0.0
peri,1.0,72,0,266,0.0
peri,1.0,73,1,236,0.00423728813559322
peri,1.0,74,1,206,0.0048543689320388345
peri,1.0,75,1,176,0.005681818181818182
peri,1.0,76,0,156,0.0
peri,1.0,77,1,135,0.007407407407407408
peri,1.0,78,0,121,0.0
peri,1.0,79,0,109,0.0
peri,1.0,80,0,95,0.0
peri,1.0,81,0,83,0.0
peri,1.0,82,0,75,0.0
peri,1.0,83,0,68,0.0
peri,1.0,84,0,62,0.0
peri,1.0,85,0,55,0.0
peri,1.0,86,1,47,0.02127659574468085
peri,1.0,87,0,44,0.0
peri,1.0,88,0,41,0.0
peri,1.0,89,0,38,0.0
peri,1.0,90,0,35,0.0
peri,1.0,91,0,31,0.0
peri,1.0,92,0,30,0.0
peri,1.0,93,0,29,0.0
peri,1.0,94,0,27,0.0
peri,1.0,95,0,27,0.0
peri,1.0,96,0,23,0.0
peri,1.0,97,0,21,0.0
peri,1.0,98,0,20,0.0
peri,1.0,99,0,20,0.0
peri,1.0,100,0,18,0.0
peri,1.0,101,1,17,0.058823529411764705
peri,1.0,102,0,15,0.0
peri,1.0,103,0,13,0.0
peri,1.0,104,0,12,0.0
peri,1.0,105,0,12,0.0
peri,1.0,106,0,12,0.0
peri,1.0,107,0,12,0.0
peri,1.0,108,0,11,0.0
peri,1.0,109,0,11,0.0
peri,1.0,110,0,10,0.0
peri,1.0,111,0,8,0.0
peri,1.0,112,0,8,0.0
peri,1.0,113,0,8,0.0
peri,1.0,114,0,7,0.0
peri,1.0,115,0,7,0.0
peri,1.0,116,0,7,0.0
peri,1.0,117,0,7,0.0
peri,1.0,118,0,6,0.0
peri,1.0,119,0,6,0.0
peri,1.0,120,0,5,0.0
peri,1.0,121,0,5,0.0
peri,1.0,122,0,5,0.0
peri,1.0,123,0,5,0.0
peri,1.0,124,0,4,0.0
peri,1.0,125,0,4,0.0
peri,1.0,126,0,4,0.0
peri,1.0,127,0,4,0.0
peri,1.0,128,0,3,0.0
peri,1.0,129,0,3,0.0
peri,1.0,130,0,3,0.0
peri,1.0,131,0,3,0.0
peri,1.0,132,0,1,0.0
peri,1.0,133,0,1,0.0
peri,1.0,134,0,1,0.0
peri,1.0,135,0,1,0.0
peri,1.0,136,0,1,0.0
peri,1.0,137,0,1,0.0
peri,1.0,138,0,1,0.0
peri,1.0,139,0,1,0.0
peri,1.0,140,0,1,0.0
peri,1.0,141,0,1,0.0
peri,1.0,142,0,1,0.0
peri,1.0,143,0,1,0.0
peri,1.0,144,0,1,0.0
peri,1.0,145,0,1,0.0
peri,1.0,146,0,1,0.0
peri,1.0,147,0,1,0.0
peri,1.0,148,0,1,0.0
peri,1.0,149,0,1,0.0
peri,1.0,150,0,1,0.0
peri,1.0,151,0,1,0.0
peri,1.0,152,0,1,0.0
peri,1.0,153,0,1,0.0
peri,1.0,154,0,1,0.0
peri,1.0,155,0,1,0.0
peri,1.0,156,0,1,0.0
peri,1.0,157,0,1,0.0
peri,1.0,158,0,1,0.0
peri,1.0,159,0,1,0.0
peri,1.0,160,0,1,0.0
peri,1.0,161,0,1,0.0
peri,1.0,162,0,1,0.0
peri,1.0,163,0,1,0.0
peri,1.0,164,0,1,0.0
peri,1.0,165,0,1,0.0
peri,1.0,166,0,1,0.0
peri,1.0,167,0,1,0.0
peri,1.0,168,1,1,1.0
peri,1.0,169,0,1,0.0
peri,1.0,170,0,1,0.0
peri,1.0,171,0,1,0.0
peri,1.0,172,0,1,0.0
peri,1.0,173,0,1,0.0
peri,1.0,174,0,1,0.0
peri,1.0,175,0,1,0.0
peri,1.0,176,0,1,0.0
peri,1.0,177,0,1,0.0
peri,1.0,178,1,1,1.0
peri,1.0,179,0,1,0.0
peri,1.0,180,0,1,0.0
peri,1.0,181,0,1,0.0
peri,1.0,182,0,1,0.0
peri,1.0,183,0,1,0.0
peri,1.0,184,0,1,0.0
peri,1.0,185,0,1,0.0
peri,1.0,186,0,1,0.0
peri,1.0,187,0,1,0.0
peri,1.0,188,0,1,0.0
peri,1.0,189,0,0,
peri,1.0,190,0,0,
peri,1.0,191,0,0,
